"n.disasters","year","iso3","Country Name"
0,2000,"AFG","Afghanistan"
0,2001,"AFG","Afghanistan"
0,2002,"AFG","Afghanistan"
0,2003,"AFG","Afghanistan"
0,2004,"AFG","Afghanistan"
0,2005,"AFG","Afghanistan"
0,2006,"AFG","Afghanistan"
0,2007,"AFG","Afghanistan"
0,2008,"AFG","Afghanistan"
0,2009,"AFG","Afghanistan"
0,2010,"AFG","Afghanistan"
0,2011,"AFG","Afghanistan"
0,2012,"AFG","Afghanistan"
0,2013,"AFG","Afghanistan"
39,2014,"AFG","Afghanistan"
0,2000,"BDI","Burundi"
0,2001,"BDI","Burundi"
0,2002,"BDI","Burundi"
0,2003,"BDI","Burundi"
0,2004,"BDI","Burundi"
0,2005,"BDI","Burundi"
0,2006,"BDI","Burundi"
0,2007,"BDI","Burundi"
0,2008,"BDI","Burundi"
0,2009,"BDI","Burundi"
0,2010,"BDI","Burundi"
0,2011,"BDI","Burundi"
0,2012,"BDI","Burundi"
0,2013,"BDI","Burundi"
7,2014,"BDI","Burundi"
0,2000,"BEN","Benin"
0,2001,"BEN","Benin"
0,2002,"BEN","Benin"
0,2003,"BEN","Benin"
0,2004,"BEN","Benin"
0,2005,"BEN","Benin"
0,2006,"BEN","Benin"
0,2007,"BEN","Benin"
0,2008,"BEN","Benin"
0,2009,"BEN","Benin"
0,2010,"BEN","Benin"
0,2011,"BEN","Benin"
0,2012,"BEN","Benin"
0,2013,"BEN","Benin"
0,2014,"BEN","Benin"
0,2000,"BFA","Burkina Faso"
0,2001,"BFA","Burkina Faso"
0,2002,"BFA","Burkina Faso"
0,2003,"BFA","Burkina Faso"
0,2004,"BFA","Burkina Faso"
0,2005,"BFA","Burkina Faso"
0,2006,"BFA","Burkina Faso"
0,2007,"BFA","Burkina Faso"
0,2008,"BFA","Burkina Faso"
0,2009,"BFA","Burkina Faso"
0,2010,"BFA","Burkina Faso"
0,2011,"BFA","Burkina Faso"
0,2012,"BFA","Burkina Faso"
0,2013,"BFA","Burkina Faso"
2,2014,"BFA","Burkina Faso"
0,2000,"BGD","Bangladesh"
0,2001,"BGD","Bangladesh"
0,2002,"BGD","Bangladesh"
0,2003,"BGD","Bangladesh"
0,2004,"BGD","Bangladesh"
0,2005,"BGD","Bangladesh"
0,2006,"BGD","Bangladesh"
0,2007,"BGD","Bangladesh"
0,2008,"BGD","Bangladesh"
0,2009,"BGD","Bangladesh"
0,2010,"BGD","Bangladesh"
0,2011,"BGD","Bangladesh"
0,2012,"BGD","Bangladesh"
0,2013,"BGD","Bangladesh"
4,2014,"BGD","Bangladesh"
0,2000,"BOL","Bolivia, Plurinational State Of"
0,2001,"BOL","Bolivia, Plurinational State Of"
0,2002,"BOL","Bolivia, Plurinational State Of"
0,2003,"BOL","Bolivia, Plurinational State Of"
0,2004,"BOL","Bolivia, Plurinational State Of"
0,2005,"BOL","Bolivia, Plurinational State Of"
0,2006,"BOL","Bolivia, Plurinational State Of"
0,2007,"BOL","Bolivia, Plurinational State Of"
0,2008,"BOL","Bolivia, Plurinational State Of"
0,2009,"BOL","Bolivia, Plurinational State Of"
0,2010,"BOL","Bolivia, Plurinational State Of"
0,2011,"BOL","Bolivia, Plurinational State Of"
0,2012,"BOL","Bolivia, Plurinational State Of"
0,2013,"BOL","Bolivia, Plurinational State Of"
13,2014,"BOL","Bolivia, Plurinational State Of"
0,2000,"BWA","Botswana"
0,2001,"BWA","Botswana"
0,2002,"BWA","Botswana"
0,2003,"BWA","Botswana"
0,2004,"BWA","Botswana"
0,2005,"BWA","Botswana"
0,2006,"BWA","Botswana"
0,2007,"BWA","Botswana"
0,2008,"BWA","Botswana"
0,2009,"BWA","Botswana"
0,2010,"BWA","Botswana"
0,2011,"BWA","Botswana"
0,2012,"BWA","Botswana"
0,2013,"BWA","Botswana"
0,2014,"BWA","Botswana"
0,2000,"CAF","Central African Republic"
0,2001,"CAF","Central African Republic"
0,2002,"CAF","Central African Republic"
0,2003,"CAF","Central African Republic"
0,2004,"CAF","Central African Republic"
0,2005,"CAF","Central African Republic"
0,2006,"CAF","Central African Republic"
0,2007,"CAF","Central African Republic"
0,2008,"CAF","Central African Republic"
0,2009,"CAF","Central African Republic"
0,2010,"CAF","Central African Republic"
0,2011,"CAF","Central African Republic"
0,2012,"CAF","Central African Republic"
0,2013,"CAF","Central African Republic"
62,2014,"CAF","Central African Republic"
0,2000,"CIV","Cote D'Ivoire"
0,2001,"CIV","Cote D'Ivoire"
0,2002,"CIV","Cote D'Ivoire"
0,2003,"CIV","Cote D'Ivoire"
0,2004,"CIV","Cote D'Ivoire"
0,2005,"CIV","Cote D'Ivoire"
0,2006,"CIV","Cote D'Ivoire"
0,2007,"CIV","Cote D'Ivoire"
0,2008,"CIV","Cote D'Ivoire"
0,2009,"CIV","Cote D'Ivoire"
0,2010,"CIV","Cote D'Ivoire"
0,2011,"CIV","Cote D'Ivoire"
0,2012,"CIV","Cote D'Ivoire"
0,2013,"CIV","Cote D'Ivoire"
12,2014,"CIV","Cote D'Ivoire"
0,2000,"CMR","Cameroon"
0,2001,"CMR","Cameroon"
0,2002,"CMR","Cameroon"
0,2003,"CMR","Cameroon"
0,2004,"CMR","Cameroon"
0,2005,"CMR","Cameroon"
0,2006,"CMR","Cameroon"
0,2007,"CMR","Cameroon"
0,2008,"CMR","Cameroon"
0,2009,"CMR","Cameroon"
0,2010,"CMR","Cameroon"
0,2011,"CMR","Cameroon"
0,2012,"CMR","Cameroon"
0,2013,"CMR","Cameroon"
0,2014,"CMR","Cameroon"
0,2000,"COD","Congo, The Democratic Republic Of"
0,2001,"COD","Congo, The Democratic Republic Of"
0,2002,"COD","Congo, The Democratic Republic Of"
0,2003,"COD","Congo, The Democratic Republic Of"
0,2004,"COD","Congo, The Democratic Republic Of"
0,2005,"COD","Congo, The Democratic Republic Of"
0,2006,"COD","Congo, The Democratic Republic Of"
0,2007,"COD","Congo, The Democratic Republic Of"
0,2008,"COD","Congo, The Democratic Republic Of"
0,2009,"COD","Congo, The Democratic Republic Of"
0,2010,"COD","Congo, The Democratic Republic Of"
0,2011,"COD","Congo, The Democratic Republic Of"
0,2012,"COD","Congo, The Democratic Republic Of"
0,2013,"COD","Congo, The Democratic Republic Of"
55,2014,"COD","Congo, The Democratic Republic Of"
0,2000,"COG","Congo, Republic Of"
0,2001,"COG","Congo, Republic Of"
0,2002,"COG","Congo, Republic Of"
0,2003,"COG","Congo, Republic Of"
0,2004,"COG","Congo, Republic Of"
0,2005,"COG","Congo, Republic Of"
0,2006,"COG","Congo, Republic Of"
0,2007,"COG","Congo, Republic Of"
0,2008,"COG","Congo, Republic Of"
0,2009,"COG","Congo, Republic Of"
0,2010,"COG","Congo, Republic Of"
0,2011,"COG","Congo, Republic Of"
0,2012,"COG","Congo, Republic Of"
0,2013,"COG","Congo, Republic Of"
1,2014,"COG","Congo, Republic Of"
0,2000,"COL","Colombia"
0,2001,"COL","Colombia"
0,2002,"COL","Colombia"
0,2003,"COL","Colombia"
0,2004,"COL","Colombia"
0,2005,"COL","Colombia"
0,2006,"COL","Colombia"
0,2007,"COL","Colombia"
0,2008,"COL","Colombia"
0,2009,"COL","Colombia"
0,2010,"COL","Colombia"
0,2011,"COL","Colombia"
0,2012,"COL","Colombia"
0,2013,"COL","Colombia"
6,2014,"COL","Colombia"
0,2000,"DJI","Djibouti"
0,2001,"DJI","Djibouti"
0,2002,"DJI","Djibouti"
0,2003,"DJI","Djibouti"
0,2004,"DJI","Djibouti"
0,2005,"DJI","Djibouti"
0,2006,"DJI","Djibouti"
0,2007,"DJI","Djibouti"
0,2008,"DJI","Djibouti"
0,2009,"DJI","Djibouti"
0,2010,"DJI","Djibouti"
0,2011,"DJI","Djibouti"
0,2012,"DJI","Djibouti"
0,2013,"DJI","Djibouti"
0,2014,"DJI","Djibouti"
0,2000,"DOM","Dominican Republic"
0,2001,"DOM","Dominican Republic"
0,2002,"DOM","Dominican Republic"
0,2003,"DOM","Dominican Republic"
0,2004,"DOM","Dominican Republic"
0,2005,"DOM","Dominican Republic"
0,2006,"DOM","Dominican Republic"
0,2007,"DOM","Dominican Republic"
0,2008,"DOM","Dominican Republic"
0,2009,"DOM","Dominican Republic"
0,2010,"DOM","Dominican Republic"
0,2011,"DOM","Dominican Republic"
0,2012,"DOM","Dominican Republic"
0,2013,"DOM","Dominican Republic"
2,2014,"DOM","Dominican Republic"
0,2000,"DZA","Algeria"
0,2001,"DZA","Algeria"
0,2002,"DZA","Algeria"
0,2003,"DZA","Algeria"
0,2004,"DZA","Algeria"
0,2005,"DZA","Algeria"
0,2006,"DZA","Algeria"
0,2007,"DZA","Algeria"
0,2008,"DZA","Algeria"
0,2009,"DZA","Algeria"
0,2010,"DZA","Algeria"
0,2011,"DZA","Algeria"
0,2012,"DZA","Algeria"
0,2013,"DZA","Algeria"
1,2014,"DZA","Algeria"
0,2000,"EGY","Egypt"
0,2001,"EGY","Egypt"
0,2002,"EGY","Egypt"
0,2003,"EGY","Egypt"
0,2004,"EGY","Egypt"
0,2005,"EGY","Egypt"
0,2006,"EGY","Egypt"
0,2007,"EGY","Egypt"
0,2008,"EGY","Egypt"
0,2009,"EGY","Egypt"
0,2010,"EGY","Egypt"
0,2011,"EGY","Egypt"
0,2012,"EGY","Egypt"
0,2013,"EGY","Egypt"
6,2014,"EGY","Egypt"
0,2000,"ERI","Eritrea"
0,2001,"ERI","Eritrea"
0,2002,"ERI","Eritrea"
0,2003,"ERI","Eritrea"
0,2004,"ERI","Eritrea"
0,2005,"ERI","Eritrea"
0,2006,"ERI","Eritrea"
0,2007,"ERI","Eritrea"
0,2008,"ERI","Eritrea"
0,2009,"ERI","Eritrea"
0,2010,"ERI","Eritrea"
0,2011,"ERI","Eritrea"
0,2012,"ERI","Eritrea"
0,2013,"ERI","Eritrea"
4,2014,"ERI","Eritrea"
0,2000,"ETH","Ethiopia"
0,2001,"ETH","Ethiopia"
0,2002,"ETH","Ethiopia"
0,2003,"ETH","Ethiopia"
0,2004,"ETH","Ethiopia"
0,2005,"ETH","Ethiopia"
0,2006,"ETH","Ethiopia"
0,2007,"ETH","Ethiopia"
0,2008,"ETH","Ethiopia"
0,2009,"ETH","Ethiopia"
0,2010,"ETH","Ethiopia"
0,2011,"ETH","Ethiopia"
0,2012,"ETH","Ethiopia"
0,2013,"ETH","Ethiopia"
7,2014,"ETH","Ethiopia"
0,2000,"GIN","Guinea"
0,2001,"GIN","Guinea"
0,2002,"GIN","Guinea"
0,2003,"GIN","Guinea"
0,2004,"GIN","Guinea"
0,2005,"GIN","Guinea"
0,2006,"GIN","Guinea"
0,2007,"GIN","Guinea"
0,2008,"GIN","Guinea"
0,2009,"GIN","Guinea"
0,2010,"GIN","Guinea"
0,2011,"GIN","Guinea"
0,2012,"GIN","Guinea"
0,2013,"GIN","Guinea"
9,2014,"GIN","Guinea"
0,2000,"GMB","Gambia"
0,2001,"GMB","Gambia"
0,2002,"GMB","Gambia"
0,2003,"GMB","Gambia"
0,2004,"GMB","Gambia"
0,2005,"GMB","Gambia"
0,2006,"GMB","Gambia"
0,2007,"GMB","Gambia"
0,2008,"GMB","Gambia"
0,2009,"GMB","Gambia"
0,2010,"GMB","Gambia"
0,2011,"GMB","Gambia"
0,2012,"GMB","Gambia"
0,2013,"GMB","Gambia"
1,2014,"GMB","Gambia"
0,2000,"GNB","Guinea-Bissau"
0,2001,"GNB","Guinea-Bissau"
0,2002,"GNB","Guinea-Bissau"
0,2003,"GNB","Guinea-Bissau"
0,2004,"GNB","Guinea-Bissau"
0,2005,"GNB","Guinea-Bissau"
0,2006,"GNB","Guinea-Bissau"
0,2007,"GNB","Guinea-Bissau"
0,2008,"GNB","Guinea-Bissau"
0,2009,"GNB","Guinea-Bissau"
0,2010,"GNB","Guinea-Bissau"
0,2011,"GNB","Guinea-Bissau"
0,2012,"GNB","Guinea-Bissau"
0,2013,"GNB","Guinea-Bissau"
3,2014,"GNB","Guinea-Bissau"
0,2000,"GTM","Guatemala"
0,2001,"GTM","Guatemala"
0,2002,"GTM","Guatemala"
0,2003,"GTM","Guatemala"
0,2004,"GTM","Guatemala"
0,2005,"GTM","Guatemala"
0,2006,"GTM","Guatemala"
0,2007,"GTM","Guatemala"
0,2008,"GTM","Guatemala"
0,2009,"GTM","Guatemala"
0,2010,"GTM","Guatemala"
0,2011,"GTM","Guatemala"
0,2012,"GTM","Guatemala"
0,2013,"GTM","Guatemala"
11,2014,"GTM","Guatemala"
0,2000,"HND","Honduras"
0,2001,"HND","Honduras"
0,2002,"HND","Honduras"
0,2003,"HND","Honduras"
0,2004,"HND","Honduras"
0,2005,"HND","Honduras"
0,2006,"HND","Honduras"
0,2007,"HND","Honduras"
0,2008,"HND","Honduras"
0,2009,"HND","Honduras"
0,2010,"HND","Honduras"
0,2011,"HND","Honduras"
0,2012,"HND","Honduras"
0,2013,"HND","Honduras"
5,2014,"HND","Honduras"
0,2000,"HTI","Haiti"
0,2001,"HTI","Haiti"
0,2002,"HTI","Haiti"
0,2003,"HTI","Haiti"
0,2004,"HTI","Haiti"
0,2005,"HTI","Haiti"
0,2006,"HTI","Haiti"
0,2007,"HTI","Haiti"
0,2008,"HTI","Haiti"
0,2009,"HTI","Haiti"
0,2010,"HTI","Haiti"
0,2011,"HTI","Haiti"
0,2012,"HTI","Haiti"
0,2013,"HTI","Haiti"
10,2014,"HTI","Haiti"
0,2000,"IDN","Indonesia"
0,2001,"IDN","Indonesia"
0,2002,"IDN","Indonesia"
0,2003,"IDN","Indonesia"
0,2004,"IDN","Indonesia"
0,2005,"IDN","Indonesia"
0,2006,"IDN","Indonesia"
0,2007,"IDN","Indonesia"
0,2008,"IDN","Indonesia"
0,2009,"IDN","Indonesia"
0,2010,"IDN","Indonesia"
0,2011,"IDN","Indonesia"
0,2012,"IDN","Indonesia"
0,2013,"IDN","Indonesia"
3,2014,"IDN","Indonesia"
0,2000,"IRQ","Iraq"
0,2001,"IRQ","Iraq"
0,2002,"IRQ","Iraq"
0,2003,"IRQ","Iraq"
0,2004,"IRQ","Iraq"
0,2005,"IRQ","Iraq"
0,2006,"IRQ","Iraq"
0,2007,"IRQ","Iraq"
0,2008,"IRQ","Iraq"
0,2009,"IRQ","Iraq"
0,2010,"IRQ","Iraq"
0,2011,"IRQ","Iraq"
0,2012,"IRQ","Iraq"
0,2013,"IRQ","Iraq"
45,2014,"IRQ","Iraq"
0,2000,"JAM","Jamaica"
0,2001,"JAM","Jamaica"
0,2002,"JAM","Jamaica"
0,2003,"JAM","Jamaica"
0,2004,"JAM","Jamaica"
0,2005,"JAM","Jamaica"
0,2006,"JAM","Jamaica"
0,2007,"JAM","Jamaica"
0,2008,"JAM","Jamaica"
0,2009,"JAM","Jamaica"
0,2010,"JAM","Jamaica"
0,2011,"JAM","Jamaica"
0,2012,"JAM","Jamaica"
0,2013,"JAM","Jamaica"
0,2014,"JAM","Jamaica"
0,2000,"JOR","Jordan"
0,2001,"JOR","Jordan"
0,2002,"JOR","Jordan"
0,2003,"JOR","Jordan"
0,2004,"JOR","Jordan"
0,2005,"JOR","Jordan"
0,2006,"JOR","Jordan"
0,2007,"JOR","Jordan"
0,2008,"JOR","Jordan"
0,2009,"JOR","Jordan"
0,2010,"JOR","Jordan"
0,2011,"JOR","Jordan"
0,2012,"JOR","Jordan"
0,2013,"JOR","Jordan"
9,2014,"JOR","Jordan"
0,2000,"KEN","Kenya"
0,2001,"KEN","Kenya"
0,2002,"KEN","Kenya"
0,2003,"KEN","Kenya"
0,2004,"KEN","Kenya"
0,2005,"KEN","Kenya"
0,2006,"KEN","Kenya"
0,2007,"KEN","Kenya"
0,2008,"KEN","Kenya"
0,2009,"KEN","Kenya"
0,2010,"KEN","Kenya"
0,2011,"KEN","Kenya"
0,2012,"KEN","Kenya"
0,2013,"KEN","Kenya"
12,2014,"KEN","Kenya"
0,2000,"KGZ","Kyrgyzstan"
0,2001,"KGZ","Kyrgyzstan"
0,2002,"KGZ","Kyrgyzstan"
0,2003,"KGZ","Kyrgyzstan"
0,2004,"KGZ","Kyrgyzstan"
0,2005,"KGZ","Kyrgyzstan"
0,2006,"KGZ","Kyrgyzstan"
0,2007,"KGZ","Kyrgyzstan"
0,2008,"KGZ","Kyrgyzstan"
0,2009,"KGZ","Kyrgyzstan"
0,2010,"KGZ","Kyrgyzstan"
0,2011,"KGZ","Kyrgyzstan"
0,2012,"KGZ","Kyrgyzstan"
0,2013,"KGZ","Kyrgyzstan"
1,2014,"KGZ","Kyrgyzstan"
0,2000,"KHM","Cambodia"
0,2001,"KHM","Cambodia"
0,2002,"KHM","Cambodia"
0,2003,"KHM","Cambodia"
0,2004,"KHM","Cambodia"
0,2005,"KHM","Cambodia"
0,2006,"KHM","Cambodia"
0,2007,"KHM","Cambodia"
0,2008,"KHM","Cambodia"
0,2009,"KHM","Cambodia"
0,2010,"KHM","Cambodia"
0,2011,"KHM","Cambodia"
0,2012,"KHM","Cambodia"
0,2013,"KHM","Cambodia"
0,2014,"KHM","Cambodia"
0,2000,"LAO","Lao People'S Democratic Republic"
0,2001,"LAO","Lao People'S Democratic Republic"
0,2002,"LAO","Lao People'S Democratic Republic"
0,2003,"LAO","Lao People'S Democratic Republic"
0,2004,"LAO","Lao People'S Democratic Republic"
0,2005,"LAO","Lao People'S Democratic Republic"
0,2006,"LAO","Lao People'S Democratic Republic"
0,2007,"LAO","Lao People'S Democratic Republic"
0,2008,"LAO","Lao People'S Democratic Republic"
0,2009,"LAO","Lao People'S Democratic Republic"
0,2010,"LAO","Lao People'S Democratic Republic"
0,2011,"LAO","Lao People'S Democratic Republic"
0,2012,"LAO","Lao People'S Democratic Republic"
0,2013,"LAO","Lao People'S Democratic Republic"
1,2014,"LAO","Lao People'S Democratic Republic"
0,2000,"LBN","Lebanon"
0,2001,"LBN","Lebanon"
0,2002,"LBN","Lebanon"
0,2003,"LBN","Lebanon"
0,2004,"LBN","Lebanon"
0,2005,"LBN","Lebanon"
0,2006,"LBN","Lebanon"
0,2007,"LBN","Lebanon"
0,2008,"LBN","Lebanon"
0,2009,"LBN","Lebanon"
0,2010,"LBN","Lebanon"
0,2011,"LBN","Lebanon"
0,2012,"LBN","Lebanon"
0,2013,"LBN","Lebanon"
17,2014,"LBN","Lebanon"
0,2000,"LBR","Liberia"
0,2001,"LBR","Liberia"
0,2002,"LBR","Liberia"
0,2003,"LBR","Liberia"
0,2004,"LBR","Liberia"
0,2005,"LBR","Liberia"
0,2006,"LBR","Liberia"
0,2007,"LBR","Liberia"
0,2008,"LBR","Liberia"
0,2009,"LBR","Liberia"
0,2010,"LBR","Liberia"
0,2011,"LBR","Liberia"
0,2012,"LBR","Liberia"
0,2013,"LBR","Liberia"
6,2014,"LBR","Liberia"
0,2000,"LBY","Libyan Arab Jamahiriya"
0,2001,"LBY","Libyan Arab Jamahiriya"
0,2002,"LBY","Libyan Arab Jamahiriya"
0,2003,"LBY","Libyan Arab Jamahiriya"
0,2004,"LBY","Libyan Arab Jamahiriya"
0,2005,"LBY","Libyan Arab Jamahiriya"
0,2006,"LBY","Libyan Arab Jamahiriya"
0,2007,"LBY","Libyan Arab Jamahiriya"
0,2008,"LBY","Libyan Arab Jamahiriya"
0,2009,"LBY","Libyan Arab Jamahiriya"
0,2010,"LBY","Libyan Arab Jamahiriya"
0,2011,"LBY","Libyan Arab Jamahiriya"
0,2012,"LBY","Libyan Arab Jamahiriya"
0,2013,"LBY","Libyan Arab Jamahiriya"
2,2014,"LBY","Libyan Arab Jamahiriya"
0,2000,"LKA","Sri Lanka"
0,2001,"LKA","Sri Lanka"
0,2002,"LKA","Sri Lanka"
0,2003,"LKA","Sri Lanka"
0,2004,"LKA","Sri Lanka"
0,2005,"LKA","Sri Lanka"
0,2006,"LKA","Sri Lanka"
0,2007,"LKA","Sri Lanka"
0,2008,"LKA","Sri Lanka"
0,2009,"LKA","Sri Lanka"
0,2010,"LKA","Sri Lanka"
0,2011,"LKA","Sri Lanka"
0,2012,"LKA","Sri Lanka"
0,2013,"LKA","Sri Lanka"
4,2014,"LKA","Sri Lanka"
0,2000,"LSO","Lesotho"
0,2001,"LSO","Lesotho"
0,2002,"LSO","Lesotho"
0,2003,"LSO","Lesotho"
0,2004,"LSO","Lesotho"
0,2005,"LSO","Lesotho"
0,2006,"LSO","Lesotho"
0,2007,"LSO","Lesotho"
0,2008,"LSO","Lesotho"
0,2009,"LSO","Lesotho"
0,2010,"LSO","Lesotho"
0,2011,"LSO","Lesotho"
0,2012,"LSO","Lesotho"
0,2013,"LSO","Lesotho"
0,2014,"LSO","Lesotho"
0,2000,"MDG","Madagascar"
0,2001,"MDG","Madagascar"
0,2002,"MDG","Madagascar"
0,2003,"MDG","Madagascar"
0,2004,"MDG","Madagascar"
0,2005,"MDG","Madagascar"
0,2006,"MDG","Madagascar"
0,2007,"MDG","Madagascar"
0,2008,"MDG","Madagascar"
0,2009,"MDG","Madagascar"
0,2010,"MDG","Madagascar"
0,2011,"MDG","Madagascar"
0,2012,"MDG","Madagascar"
0,2013,"MDG","Madagascar"
3,2014,"MDG","Madagascar"
0,2000,"MLI","Mali"
0,2001,"MLI","Mali"
0,2002,"MLI","Mali"
0,2003,"MLI","Mali"
0,2004,"MLI","Mali"
0,2005,"MLI","Mali"
0,2006,"MLI","Mali"
0,2007,"MLI","Mali"
0,2008,"MLI","Mali"
0,2009,"MLI","Mali"
0,2010,"MLI","Mali"
0,2011,"MLI","Mali"
0,2012,"MLI","Mali"
0,2013,"MLI","Mali"
17,2014,"MLI","Mali"
0,2000,"MMR","Myanmar"
0,2001,"MMR","Myanmar"
0,2002,"MMR","Myanmar"
0,2003,"MMR","Myanmar"
0,2004,"MMR","Myanmar"
0,2005,"MMR","Myanmar"
0,2006,"MMR","Myanmar"
0,2007,"MMR","Myanmar"
0,2008,"MMR","Myanmar"
0,2009,"MMR","Myanmar"
0,2010,"MMR","Myanmar"
0,2011,"MMR","Myanmar"
0,2012,"MMR","Myanmar"
0,2013,"MMR","Myanmar"
16,2014,"MMR","Myanmar"
0,2000,"MNG","Mongolia"
0,2001,"MNG","Mongolia"
0,2002,"MNG","Mongolia"
0,2003,"MNG","Mongolia"
0,2004,"MNG","Mongolia"
0,2005,"MNG","Mongolia"
0,2006,"MNG","Mongolia"
0,2007,"MNG","Mongolia"
0,2008,"MNG","Mongolia"
0,2009,"MNG","Mongolia"
0,2010,"MNG","Mongolia"
0,2011,"MNG","Mongolia"
0,2012,"MNG","Mongolia"
0,2013,"MNG","Mongolia"
0,2014,"MNG","Mongolia"
0,2000,"MOZ","Mozambique"
0,2001,"MOZ","Mozambique"
0,2002,"MOZ","Mozambique"
0,2003,"MOZ","Mozambique"
0,2004,"MOZ","Mozambique"
0,2005,"MOZ","Mozambique"
0,2006,"MOZ","Mozambique"
0,2007,"MOZ","Mozambique"
0,2008,"MOZ","Mozambique"
0,2009,"MOZ","Mozambique"
0,2010,"MOZ","Mozambique"
0,2011,"MOZ","Mozambique"
0,2012,"MOZ","Mozambique"
0,2013,"MOZ","Mozambique"
0,2014,"MOZ","Mozambique"
0,2000,"MRT","Mauritania"
0,2001,"MRT","Mauritania"
0,2002,"MRT","Mauritania"
0,2003,"MRT","Mauritania"
0,2004,"MRT","Mauritania"
0,2005,"MRT","Mauritania"
0,2006,"MRT","Mauritania"
0,2007,"MRT","Mauritania"
0,2008,"MRT","Mauritania"
0,2009,"MRT","Mauritania"
0,2010,"MRT","Mauritania"
0,2011,"MRT","Mauritania"
0,2012,"MRT","Mauritania"
0,2013,"MRT","Mauritania"
0,2014,"MRT","Mauritania"
0,2000,"MWI","Malawi"
0,2001,"MWI","Malawi"
0,2002,"MWI","Malawi"
0,2003,"MWI","Malawi"
0,2004,"MWI","Malawi"
0,2005,"MWI","Malawi"
0,2006,"MWI","Malawi"
0,2007,"MWI","Malawi"
0,2008,"MWI","Malawi"
0,2009,"MWI","Malawi"
0,2010,"MWI","Malawi"
0,2011,"MWI","Malawi"
0,2012,"MWI","Malawi"
0,2013,"MWI","Malawi"
7,2014,"MWI","Malawi"
0,2000,"NAM","Namibia"
0,2001,"NAM","Namibia"
0,2002,"NAM","Namibia"
0,2003,"NAM","Namibia"
0,2004,"NAM","Namibia"
0,2005,"NAM","Namibia"
0,2006,"NAM","Namibia"
0,2007,"NAM","Namibia"
0,2008,"NAM","Namibia"
0,2009,"NAM","Namibia"
0,2010,"NAM","Namibia"
0,2011,"NAM","Namibia"
0,2012,"NAM","Namibia"
0,2013,"NAM","Namibia"
0,2014,"NAM","Namibia"
0,2000,"NER","Niger"
0,2001,"NER","Niger"
0,2002,"NER","Niger"
0,2003,"NER","Niger"
0,2004,"NER","Niger"
0,2005,"NER","Niger"
0,2006,"NER","Niger"
0,2007,"NER","Niger"
0,2008,"NER","Niger"
0,2009,"NER","Niger"
0,2010,"NER","Niger"
0,2011,"NER","Niger"
0,2012,"NER","Niger"
0,2013,"NER","Niger"
11,2014,"NER","Niger"
0,2000,"NGA","Nigeria"
0,2001,"NGA","Nigeria"
0,2002,"NGA","Nigeria"
0,2003,"NGA","Nigeria"
0,2004,"NGA","Nigeria"
0,2005,"NGA","Nigeria"
0,2006,"NGA","Nigeria"
0,2007,"NGA","Nigeria"
0,2008,"NGA","Nigeria"
0,2009,"NGA","Nigeria"
0,2010,"NGA","Nigeria"
0,2011,"NGA","Nigeria"
0,2012,"NGA","Nigeria"
0,2013,"NGA","Nigeria"
15,2014,"NGA","Nigeria"
0,2000,"NPL","Nepal"
0,2001,"NPL","Nepal"
0,2002,"NPL","Nepal"
0,2003,"NPL","Nepal"
0,2004,"NPL","Nepal"
0,2005,"NPL","Nepal"
0,2006,"NPL","Nepal"
0,2007,"NPL","Nepal"
0,2008,"NPL","Nepal"
0,2009,"NPL","Nepal"
0,2010,"NPL","Nepal"
0,2011,"NPL","Nepal"
0,2012,"NPL","Nepal"
0,2013,"NPL","Nepal"
3,2014,"NPL","Nepal"
0,2000,"PAK","Pakistan"
0,2001,"PAK","Pakistan"
0,2002,"PAK","Pakistan"
0,2003,"PAK","Pakistan"
0,2004,"PAK","Pakistan"
0,2005,"PAK","Pakistan"
0,2006,"PAK","Pakistan"
0,2007,"PAK","Pakistan"
0,2008,"PAK","Pakistan"
0,2009,"PAK","Pakistan"
0,2010,"PAK","Pakistan"
0,2011,"PAK","Pakistan"
0,2012,"PAK","Pakistan"
0,2013,"PAK","Pakistan"
20,2014,"PAK","Pakistan"
0,2000,"PHL","Philippines"
0,2001,"PHL","Philippines"
0,2002,"PHL","Philippines"
0,2003,"PHL","Philippines"
0,2004,"PHL","Philippines"
0,2005,"PHL","Philippines"
0,2006,"PHL","Philippines"
0,2007,"PHL","Philippines"
0,2008,"PHL","Philippines"
0,2009,"PHL","Philippines"
0,2010,"PHL","Philippines"
0,2011,"PHL","Philippines"
0,2012,"PHL","Philippines"
0,2013,"PHL","Philippines"
36,2014,"PHL","Philippines"
0,2000,"PRK","Korea, Democratic People'S Republic Of"
0,2001,"PRK","Korea, Democratic People'S Republic Of"
0,2002,"PRK","Korea, Democratic People'S Republic Of"
0,2003,"PRK","Korea, Democratic People'S Republic Of"
0,2004,"PRK","Korea, Democratic People'S Republic Of"
0,2005,"PRK","Korea, Democratic People'S Republic Of"
0,2006,"PRK","Korea, Democratic People'S Republic Of"
0,2007,"PRK","Korea, Democratic People'S Republic Of"
0,2008,"PRK","Korea, Democratic People'S Republic Of"
0,2009,"PRK","Korea, Democratic People'S Republic Of"
0,2010,"PRK","Korea, Democratic People'S Republic Of"
0,2011,"PRK","Korea, Democratic People'S Republic Of"
0,2012,"PRK","Korea, Democratic People'S Republic Of"
0,2013,"PRK","Korea, Democratic People'S Republic Of"
1,2014,"PRK","Korea, Democratic People'S Republic Of"
0,2000,"RWA","Rwanda"
0,2001,"RWA","Rwanda"
0,2002,"RWA","Rwanda"
0,2003,"RWA","Rwanda"
0,2004,"RWA","Rwanda"
0,2005,"RWA","Rwanda"
0,2006,"RWA","Rwanda"
0,2007,"RWA","Rwanda"
0,2008,"RWA","Rwanda"
0,2009,"RWA","Rwanda"
0,2010,"RWA","Rwanda"
0,2011,"RWA","Rwanda"
0,2012,"RWA","Rwanda"
0,2013,"RWA","Rwanda"
5,2014,"RWA","Rwanda"
0,2000,"SDN","Sudan"
0,2001,"SDN","Sudan"
0,2002,"SDN","Sudan"
0,2003,"SDN","Sudan"
0,2004,"SDN","Sudan"
0,2005,"SDN","Sudan"
0,2006,"SDN","Sudan"
0,2007,"SDN","Sudan"
0,2008,"SDN","Sudan"
0,2009,"SDN","Sudan"
0,2010,"SDN","Sudan"
0,2011,"SDN","Sudan"
0,2012,"SDN","Sudan"
0,2013,"SDN","Sudan"
49,2014,"SDN","Sudan"
0,2000,"SEN","Senegal"
0,2001,"SEN","Senegal"
0,2002,"SEN","Senegal"
0,2003,"SEN","Senegal"
0,2004,"SEN","Senegal"
0,2005,"SEN","Senegal"
0,2006,"SEN","Senegal"
0,2007,"SEN","Senegal"
0,2008,"SEN","Senegal"
0,2009,"SEN","Senegal"
0,2010,"SEN","Senegal"
0,2011,"SEN","Senegal"
0,2012,"SEN","Senegal"
0,2013,"SEN","Senegal"
5,2014,"SEN","Senegal"
0,2000,"SLE","Sierra Leone"
0,2001,"SLE","Sierra Leone"
0,2002,"SLE","Sierra Leone"
0,2003,"SLE","Sierra Leone"
0,2004,"SLE","Sierra Leone"
0,2005,"SLE","Sierra Leone"
0,2006,"SLE","Sierra Leone"
0,2007,"SLE","Sierra Leone"
0,2008,"SLE","Sierra Leone"
0,2009,"SLE","Sierra Leone"
0,2010,"SLE","Sierra Leone"
0,2011,"SLE","Sierra Leone"
0,2012,"SLE","Sierra Leone"
0,2013,"SLE","Sierra Leone"
0,2014,"SLE","Sierra Leone"
0,2000,"SOM","Somalia"
0,2001,"SOM","Somalia"
0,2002,"SOM","Somalia"
0,2003,"SOM","Somalia"
0,2004,"SOM","Somalia"
0,2005,"SOM","Somalia"
0,2006,"SOM","Somalia"
0,2007,"SOM","Somalia"
0,2008,"SOM","Somalia"
0,2009,"SOM","Somalia"
0,2010,"SOM","Somalia"
0,2011,"SOM","Somalia"
0,2012,"SOM","Somalia"
0,2013,"SOM","Somalia"
18,2014,"SOM","Somalia"
0,2000,"SSD","South Sudan"
0,2001,"SSD","South Sudan"
0,2002,"SSD","South Sudan"
0,2003,"SSD","South Sudan"
0,2004,"SSD","South Sudan"
0,2005,"SSD","South Sudan"
0,2006,"SSD","South Sudan"
0,2007,"SSD","South Sudan"
0,2008,"SSD","South Sudan"
0,2009,"SSD","South Sudan"
0,2010,"SSD","South Sudan"
0,2011,"SSD","South Sudan"
0,2012,"SSD","South Sudan"
0,2013,"SSD","South Sudan"
81,2014,"SSD","South Sudan"
0,2000,"SWZ","Swaziland"
0,2001,"SWZ","Swaziland"
0,2002,"SWZ","Swaziland"
0,2003,"SWZ","Swaziland"
0,2004,"SWZ","Swaziland"
0,2005,"SWZ","Swaziland"
0,2006,"SWZ","Swaziland"
0,2007,"SWZ","Swaziland"
0,2008,"SWZ","Swaziland"
0,2009,"SWZ","Swaziland"
0,2010,"SWZ","Swaziland"
0,2011,"SWZ","Swaziland"
0,2012,"SWZ","Swaziland"
0,2013,"SWZ","Swaziland"
1,2014,"SWZ","Swaziland"
0,2000,"SYR","Syrian Arab Republic"
0,2001,"SYR","Syrian Arab Republic"
0,2002,"SYR","Syrian Arab Republic"
0,2003,"SYR","Syrian Arab Republic"
0,2004,"SYR","Syrian Arab Republic"
0,2005,"SYR","Syrian Arab Republic"
0,2006,"SYR","Syrian Arab Republic"
0,2007,"SYR","Syrian Arab Republic"
0,2008,"SYR","Syrian Arab Republic"
0,2009,"SYR","Syrian Arab Republic"
0,2010,"SYR","Syrian Arab Republic"
0,2011,"SYR","Syrian Arab Republic"
0,2012,"SYR","Syrian Arab Republic"
0,2013,"SYR","Syrian Arab Republic"
34,2014,"SYR","Syrian Arab Republic"
0,2000,"TCD","Chad"
0,2001,"TCD","Chad"
0,2002,"TCD","Chad"
0,2003,"TCD","Chad"
0,2004,"TCD","Chad"
0,2005,"TCD","Chad"
0,2006,"TCD","Chad"
0,2007,"TCD","Chad"
0,2008,"TCD","Chad"
0,2009,"TCD","Chad"
0,2010,"TCD","Chad"
0,2011,"TCD","Chad"
0,2012,"TCD","Chad"
0,2013,"TCD","Chad"
7,2014,"TCD","Chad"
0,2000,"THA","Thailand"
0,2001,"THA","Thailand"
0,2002,"THA","Thailand"
0,2003,"THA","Thailand"
0,2004,"THA","Thailand"
0,2005,"THA","Thailand"
0,2006,"THA","Thailand"
0,2007,"THA","Thailand"
0,2008,"THA","Thailand"
0,2009,"THA","Thailand"
0,2010,"THA","Thailand"
0,2011,"THA","Thailand"
0,2012,"THA","Thailand"
0,2013,"THA","Thailand"
6,2014,"THA","Thailand"
0,2000,"TJK","Tajikistan"
0,2001,"TJK","Tajikistan"
0,2002,"TJK","Tajikistan"
0,2003,"TJK","Tajikistan"
0,2004,"TJK","Tajikistan"
0,2005,"TJK","Tajikistan"
0,2006,"TJK","Tajikistan"
0,2007,"TJK","Tajikistan"
0,2008,"TJK","Tajikistan"
0,2009,"TJK","Tajikistan"
0,2010,"TJK","Tajikistan"
0,2011,"TJK","Tajikistan"
0,2012,"TJK","Tajikistan"
0,2013,"TJK","Tajikistan"
4,2014,"TJK","Tajikistan"
0,2000,"TUN","Tunisia"
0,2001,"TUN","Tunisia"
0,2002,"TUN","Tunisia"
0,2003,"TUN","Tunisia"
0,2004,"TUN","Tunisia"
0,2005,"TUN","Tunisia"
0,2006,"TUN","Tunisia"
0,2007,"TUN","Tunisia"
0,2008,"TUN","Tunisia"
0,2009,"TUN","Tunisia"
0,2010,"TUN","Tunisia"
0,2011,"TUN","Tunisia"
0,2012,"TUN","Tunisia"
0,2013,"TUN","Tunisia"
1,2014,"TUN","Tunisia"
0,2000,"TUR","Turkey"
0,2001,"TUR","Turkey"
0,2002,"TUR","Turkey"
0,2003,"TUR","Turkey"
0,2004,"TUR","Turkey"
0,2005,"TUR","Turkey"
0,2006,"TUR","Turkey"
0,2007,"TUR","Turkey"
0,2008,"TUR","Turkey"
0,2009,"TUR","Turkey"
0,2010,"TUR","Turkey"
0,2011,"TUR","Turkey"
0,2012,"TUR","Turkey"
0,2013,"TUR","Turkey"
1,2014,"TUR","Turkey"
0,2000,"TZA","Tanzania, United Republic Of"
0,2001,"TZA","Tanzania, United Republic Of"
0,2002,"TZA","Tanzania, United Republic Of"
0,2003,"TZA","Tanzania, United Republic Of"
0,2004,"TZA","Tanzania, United Republic Of"
0,2005,"TZA","Tanzania, United Republic Of"
0,2006,"TZA","Tanzania, United Republic Of"
0,2007,"TZA","Tanzania, United Republic Of"
0,2008,"TZA","Tanzania, United Republic Of"
0,2009,"TZA","Tanzania, United Republic Of"
0,2010,"TZA","Tanzania, United Republic Of"
0,2011,"TZA","Tanzania, United Republic Of"
0,2012,"TZA","Tanzania, United Republic Of"
0,2013,"TZA","Tanzania, United Republic Of"
3,2014,"TZA","Tanzania, United Republic Of"
0,2000,"UGA","Uganda"
0,2001,"UGA","Uganda"
0,2002,"UGA","Uganda"
0,2003,"UGA","Uganda"
0,2004,"UGA","Uganda"
0,2005,"UGA","Uganda"
0,2006,"UGA","Uganda"
0,2007,"UGA","Uganda"
0,2008,"UGA","Uganda"
0,2009,"UGA","Uganda"
0,2010,"UGA","Uganda"
0,2011,"UGA","Uganda"
0,2012,"UGA","Uganda"
0,2013,"UGA","Uganda"
5,2014,"UGA","Uganda"
0,2000,"UZB","Uzbekistan"
0,2001,"UZB","Uzbekistan"
0,2002,"UZB","Uzbekistan"
0,2003,"UZB","Uzbekistan"
0,2004,"UZB","Uzbekistan"
0,2005,"UZB","Uzbekistan"
0,2006,"UZB","Uzbekistan"
0,2007,"UZB","Uzbekistan"
0,2008,"UZB","Uzbekistan"
0,2009,"UZB","Uzbekistan"
0,2010,"UZB","Uzbekistan"
0,2011,"UZB","Uzbekistan"
0,2012,"UZB","Uzbekistan"
0,2013,"UZB","Uzbekistan"
0,2014,"UZB","Uzbekistan"
0,2000,"VUT","Vanuatu"
0,2001,"VUT","Vanuatu"
0,2002,"VUT","Vanuatu"
0,2003,"VUT","Vanuatu"
0,2004,"VUT","Vanuatu"
0,2005,"VUT","Vanuatu"
0,2006,"VUT","Vanuatu"
0,2007,"VUT","Vanuatu"
0,2008,"VUT","Vanuatu"
0,2009,"VUT","Vanuatu"
0,2010,"VUT","Vanuatu"
0,2011,"VUT","Vanuatu"
0,2012,"VUT","Vanuatu"
0,2013,"VUT","Vanuatu"
1,2014,"VUT","Vanuatu"
0,2000,"YEM","Yemen"
0,2001,"YEM","Yemen"
0,2002,"YEM","Yemen"
0,2003,"YEM","Yemen"
0,2004,"YEM","Yemen"
0,2005,"YEM","Yemen"
0,2006,"YEM","Yemen"
0,2007,"YEM","Yemen"
0,2008,"YEM","Yemen"
0,2009,"YEM","Yemen"
0,2010,"YEM","Yemen"
0,2011,"YEM","Yemen"
0,2012,"YEM","Yemen"
0,2013,"YEM","Yemen"
17,2014,"YEM","Yemen"
0,2000,"ZAF","South Africa"
0,2001,"ZAF","South Africa"
0,2002,"ZAF","South Africa"
0,2003,"ZAF","South Africa"
0,2004,"ZAF","South Africa"
0,2005,"ZAF","South Africa"
0,2006,"ZAF","South Africa"
0,2007,"ZAF","South Africa"
0,2008,"ZAF","South Africa"
0,2009,"ZAF","South Africa"
0,2010,"ZAF","South Africa"
0,2011,"ZAF","South Africa"
0,2012,"ZAF","South Africa"
0,2013,"ZAF","South Africa"
0,2014,"ZAF","South Africa"
0,2000,"ZMB","Zambia"
0,2001,"ZMB","Zambia"
0,2002,"ZMB","Zambia"
0,2003,"ZMB","Zambia"
0,2004,"ZMB","Zambia"
0,2005,"ZMB","Zambia"
0,2006,"ZMB","Zambia"
0,2007,"ZMB","Zambia"
0,2008,"ZMB","Zambia"
0,2009,"ZMB","Zambia"
0,2010,"ZMB","Zambia"
0,2011,"ZMB","Zambia"
0,2012,"ZMB","Zambia"
0,2013,"ZMB","Zambia"
2,2014,"ZMB","Zambia"
0,2000,"ZWE","Zimbabwe"
0,2001,"ZWE","Zimbabwe"
0,2002,"ZWE","Zimbabwe"
0,2003,"ZWE","Zimbabwe"
0,2004,"ZWE","Zimbabwe"
0,2005,"ZWE","Zimbabwe"
0,2006,"ZWE","Zimbabwe"
0,2007,"ZWE","Zimbabwe"
0,2008,"ZWE","Zimbabwe"
0,2009,"ZWE","Zimbabwe"
0,2010,"ZWE","Zimbabwe"
0,2011,"ZWE","Zimbabwe"
0,2012,"ZWE","Zimbabwe"
0,2013,"ZWE","Zimbabwe"
6,2014,"ZWE","Zimbabwe"
